industry_vertical,market_size_cr,growth_rate_pct,key_players,hdfc_product_fit,typical_loan_size_lakhs,avg_deal_cycle_days,key_pain_points,selling_hooks,seasonal_peak,risk_factors,cross_sell_potential
Auto Components & OEM,450000,12,Tata AutoComp|Motherson|Bharat Forge|Sundram Fasteners,Commercial Vehicle Loans + Business Loan + Credit Cards,15-50,45-60,Cash flow gaps between supply and payment cycles; fleet maintenance costs,Fast disbursement for vehicle purchase; flexible EMI aligned to payment cycles,Q3 (festive) + Q4 (new model launches),Cyclical industry tied to auto sales; raw material price volatility,Merchant Acquiring for dealer payments + Corporate Credit Cards
Agriculture & Food Processing,680000,8,ITC Agri|Godrej Agrovet|Mahindra Agri|Amul,Tractor Finance + Business Loan + Personal Loan,4-25,30-45,Seasonal income; lack of formal credit history; need for quick disbursement,No-ITR assessment for farmers; doorstep service; quick processing,Kharif (Jun-Jul) + Rabi (Oct-Nov),Monsoon dependency; crop failure; MSP policy changes,Personal Loan for education/marriage + Credit Card
IT & Software Services,2200000,15,TCS|Infosys|Wipro|HCL|Tech Mahindra,Home Loan + Auto Loan + Credit Card + Personal Loan,45-200,21-30,High attrition creating instability; dual-city living; EMI pressure from multiple loans,Pre-approved offers based on employer tie-up; instant eligibility; digital process,Jan-Mar (appraisal) + Sep-Oct (festive),Layoff cycles; startup failures; variable pay dependency,CASA + Insurance + Mutual Fund SIP
Healthcare & Pharma,800000,14,Apollo|Fortis|Max|Dr Reddy|Sun Pharma,Business Loan + LAP + Merchant Acquiring + Auto Loan,20-100,35-50,High capex for equipment; long ROI cycles; insurance payment delays,Equipment finance; POS for patient billing; doorstep documentation for doctors,Year-round (steady),Regulatory changes; insurance claim delays; high competition,POS terminals + Payment Gateway + Credit Cards
Real Estate & Construction,1200000,6,DLF|Godrej Properties|Prestige|Lodha|Sobha,Loan Against Property + Business Loan + Commercial Vehicle Loans,50-500,60-90,Cash flow gaps between project stages; land acquisition costs; RERA compliance,Fast LAP processing; construction vehicle finance; project-linked disbursement,Oct-Mar (selling season),RERA delays; market correction; oversupply; liquidity issues,Home Loan referrals (buyers) + Corporate Credit Cards
Retail & FMCG,850000,10,Reliance Retail|DMart|Big Bazaar|Vishal Mega Mart,Merchant Acquiring + Payment Gateway + Business Loan + Credit Card,3-30,15-25,High volume low margin; seasonal inventory buildup; POS charges concern,Low MDR rates; same-day settlement; integrated POS + inventory; festive finance,Diwali + Christmas + Summer,Thin margins; e-commerce competition; supply chain disruptions,Credit Cards (corporate) + Business Loan for expansion
Transportation & Logistics,900000,11,BlueDart|Delhivery|Rivigo|TCI|VRL Logistics,Commercial Vehicle Loans + Business Loan + Credit Cards,10-80,20-35,High fuel costs; driver retention; toll expenses; vehicle maintenance,Fleet financing with flexible terms; fuel cards; driver salary cards,E-commerce peaks (festive) + Agriculture harvest movement,Fuel price volatility; accident risk; regulatory changes (BS-VI norms),Corporate Credit Cards + Personal Loans (driver advances)
Education & Ed-Tech,250000,18,BYJU|Unacademy|Manipal|Amity|VIT,Personal Loan + Business Loan + Merchant Acquiring,5-50,20-30,Student fee collection challenges; campus infrastructure costs; seasonal cash flow,Education loan tie-ups; fee collection gateway; institutional business loans,May-Jul (admissions) + Jan (new session),Regulatory uncertainty; competition from online; fee regulation,Payment Gateway + POS + Personal Loans (students)
Renewable Energy & EV,320000,25,Tata Power Solar|Adani Green|Ather|Ola Electric,Business Loan + Commercial Vehicle Loans + LAP,15-100,40-60,High initial capex; long payback; technology risk; government subsidy delays,Green finance rates; asset-backed lending on panels/equipment; EV fleet finance,Year-round (policy-driven),Technology obsolescence; subsidy policy changes; grid connectivity,Auto Loans (EV personal) + Business Loan
Textiles & Garments,600000,7,Arvind|Raymond|Welspun|Vardhman|Page Industries,Business Loan + Commercial Vehicle + LAP + Credit Cards,10-60,30-45,Working capital gaps; seasonal demand; export payment delays; GST compliance,Quick working capital; export finance support; vehicle loans for logistics,Festival seasons + Export cycles (Sep-Mar),Fashion cycle risk; raw material costs; export policy changes; labor issues,Merchant Acquiring + Credit Cards + Personal Loans
